1,Simmonds,Kewley,skewley0@tamu.edu,Male,138.173.161.90
2,Magdaia,Haggerston,mhaggerston1@whitehouse.gov,Female,17.32.184.239
3,Gay,Ilyas,gilyas2@icio.us,Male,126.37.216.87
4,Cori,Thundercliffe,cthundercliffe3@chronoengine.com,Female,143.4.224.241
5,Lenore,Closs,lcloss4@spiegel.de,Female,177.41.114.211
6,Vallie,Cull,vcull5@opensource.org,Female,197.243.177.159
7,Jody,Paffitt,jpaffitt6@nba.com,Female,27.30.188.224
8,Adelbert,Jiggen,ajiggen7@senate.gov,Male,18.17.121.46
9,Clara,Juarez,cjuarez8@studiopress.com,Female,188.202.68.84
10,Darin,Bezley,dbezley9@buzzfeed.com,Male,202.167.156.77
11,Julio,Wyper,jwypera@altervista.org,Male,33.70.164.223
12,Cirillo,Ingyon,cingyonb@paginegialle.it,Male,164.128.34.166
13,Rodge,Barhims,rbarhimsc@timesonline.co.uk,Male,113.105.191.78
14,Angelique,Knutton,aknuttond@netscape.com,Female,4.135.144.76
15,Fae,Hallock,fhallocke@miibeian.gov.cn,Female,143.70.140.232
16,Ivy,Wippermann,iwippermannf@drupal.org,Female,191.23.18.168
17,Winny,Osmon,wosmong@cisco.com,Female,200.83.234.119
18,Jarid,Gronou,jgronouh@gmpg.org,Male,113.45.217.52
19,Boyd,Siddele,bsiddelei@exblog.jp,Male,225.105.133.20
20,Ferrel,Kiddle,fkiddlej@dion.ne.jp,Male,230.195.149.133
21,Quincy,Beauly,qbeaulyk@biblegateway.com,Male,153.161.82.147
22,Matelda,Pley,mpleyl@disqus.com,Female,178.235.108.8
23,Klemens,McLaughlin,kmclaughlinm@npr.org,Male,212.115.200.139
24,Angy,Stavers,astaversn@springer.com,Female,199.146.85.9
25,Caitrin,Wingfield,cwingfieldo@prlog.org,Female,37.176.27.110
26,Brucie,Wolfendale,bwolfendalep@chronoengine.com,Male,122.217.31.234
27,Georgeta,Brinsden,gbrinsdenq@nps.gov,Female,188.51.109.138
28,Blair,Benkhe,bbenkher@ihg.com,Male,160.144.45.23
29,Krystyna,Keely,kkeelys@etsy.com,Female,137.15.43.250
30,Erroll,Wandrach,ewandracht@sohu.com,Male,134.196.191.241
31,Birgit,Kings,bkingsu@patch.com,Female,161.228.219.25
32,Carolyn,Stocks,cstocksv@spiegel.de,Female,111.106.233.162
33,My,Norree,mnorreew@edublogs.org,Male,125.44.33.179
34,Sheffy,Hazelhurst,shazelhurstx@nyu.edu,Male,56.199.196.176
35,Gerti,Fentem,gfentemy@disqus.com,Female,43.24.172.81
36,Hi,Kinnin,hkinninz@umn.edu,Male,182.50.95.217
37,Mateo,Mardling,mmardling10@netscape.com,Male,7.100.181.54
38,Gasparo,Godsell,ggodsell11@wikipedia.org,Male,173.16.215.106
39,Bab,Yallop,byallop12@hibu.com,Female,85.58.76.88
40,Mozelle,Badland,mbadland13@npr.org,Female,188.43.90.204
41,Selestina,Hanney,shanney14@guardian.co.uk,Female,226.101.37.233
42,Fredelia,Petrolli,fpetrolli15@mapy.cz,Female,21.134.248.213
43,Moshe,Vesty,mvesty16@t-online.de,Male,211.235.233.96
44,Pooh,Trustie,ptrustie17@posterous.com,Male,171.113.182.231
45,Hodge,Campanelle,hcampanelle18@4shared.com,Male,81.82.248.149
46,Greta,Beartup,gbeartup19@bigcartel.com,Female,246.167.133.12
47,Maddie,Blase,mblase1a@oaic.gov.au,Male,203.224.198.177
48,Ingrid,Naptine,inaptine1b@ted.com,Female,53.23.15.177
49,Rayshell,Glossup,rglossup1c@4shared.com,Female,234.82.179.59
50,Benedikt,Roggers,broggers1d@ihg.com,Male,192.164.57.61
51,Kipper,Staveley,kstaveley1e@addtoany.com,Male,249.15.214.53
52,Othella,Bickle,obickle1f@diigo.com,Female,216.99.235.154
53,Maia,Dennis,mdennis1g@umn.edu,Female,249.168.56.220
54,Dannie,Jessard,djessard1h@zdnet.com,Male,247.42.129.21
55,Chas,Danilchenko,cdanilchenko1i@chicagotribune.com,Male,33.112.181.53
56,Corenda,Coppin,ccoppin1j@seesaa.net,Female,114.123.119.239
57,Tyler,Cowely,tcowely1k@vk.com,Male,13.201.20.197
58,Valma,MacCaughen,vmaccaughen1l@biglobe.ne.jp,Female,110.127.102.215
59,Haydon,Campsall,hcampsall1m@slideshare.net,Male,184.41.81.85
60,Leonanie,Chalmers,lchalmers1n@ibm.com,Female,36.107.205.79
61,Sydelle,Gianinotti,sgianinotti1o@edublogs.org,Female,85.167.207.233
62,Bartlet,Perch,bperch1p@mit.edu,Male,166.199.131.19
63,Maureen,Bewicke,mbewicke1q@amazon.co.uk,Female,123.41.160.141
64,Willard,Traviss,wtraviss1r@washingtonpost.com,Male,182.165.157.29
65,Bond,Ramsell,bramsell1s@t.co,Male,23.233.248.49
66,Dusty,Beecheno,dbeecheno1t@umich.edu,Female,154.228.216.167
67,Horst,Traice,htraice1u@usda.gov,Male,46.93.218.140
68,Keith,Coetzee,kcoetzee1v@pbs.org,Male,122.129.142.195
69,Robin,Clowney,rclowney1w@google.co.uk,Male,192.81.30.196
70,Bianka,Gillio,bgillio1x@shareasale.com,Female,64.117.169.88
71,Marybelle,Nijssen,mnijssen1y@symantec.com,Female,173.20.211.224
72,Valeria,Pearson,vpearson1z@admin.ch,Female,26.140.147.62
73,Oran,Rispine,orispine20@ted.com,Male,149.255.108.175
74,Muriel,Lindner,mlindner21@dot.gov,Female,224.95.133.76
75,Ninetta,Sterman,nsterman22@theguardian.com,Female,156.109.251.192
76,Haleigh,Binne,hbinne23@home.pl,Male,101.106.125.165
77,Hatty,Rodenborch,hrodenborch24@tumblr.com,Female,199.216.51.89
78,Aindrea,Nardoni,anardoni25@wikipedia.org,Female,81.170.142.232
79,Gabbi,Pavia,gpavia26@sun.com,Female,205.208.128.225
80,Wini,Walaron,wwalaron27@unicef.org,Female,22.179.241.186
81,Marla,Asee,masee28@sciencedirect.com,Female,51.164.160.250
82,Karil,Benninck,kbenninck29@feedburner.com,Female,79.74.57.142
83,Trip,Hinzer,thinzer2a@about.me,Male,231.179.8.147
84,Rene,Antonacci,rantonacci2b@squidoo.com,Female,220.78.160.201
85,Yolande,Summerlie,ysummerlie2c@nymag.com,Female,90.72.183.228
86,Vivianna,De Vaar,vdevaar2d@fotki.com,Female,215.225.224.21
87,Garrett,Hatherley,ghatherley2e@engadget.com,Male,187.96.114.98
88,Allina,Francomb,afrancomb2f@wikimedia.org,Female,227.215.18.16
89,Hewet,Joselin,hjoselin2g@posterous.com,Male,16.62.247.112
90,Byron,Aiton,baiton2h@archive.org,Male,167.81.253.92
91,Clive,Tolwood,ctolwood2i@wiley.com,Male,242.229.25.171
92,Morissa,Storrah,mstorrah2j@weebly.com,Female,67.90.202.212
93,Evelyn,Wartonby,ewartonby2k@wix.com,Male,0.154.39.207
94,Jacinda,Surman,jsurman2l@people.com.cn,Female,165.198.39.64
95,Gaile,Alltimes,galltimes2m@youku.com,Male,68.48.134.107
96,Jodie,Zupa,jzupa2n@bloglines.com,Male,124.122.201.232
97,Garvey,Cicconettii,gcicconettii2o@a8.net,Male,252.22.224.92
98,Richart,Mar,rmar2p@scribd.com,Male,68.197.28.47
99,Leeanne,Yushin,lyushin2q@addthis.com,Female,229.8.139.85
100,Dunn,Nise,dnise2r@alibaba.com,Male,125.53.185.43
101,Angus,Cardenosa,acardenosa2s@goo.gl,Male,126.219.74.242
102,Anet,Halfpenny,ahalfpenny2t@nyu.edu,Female,234.14.24.1
103,Dehlia,Kirsch,dkirsch2u@ning.com,Female,235.190.254.80
104,Lona,Northover,lnorthover2v@psu.edu,Female,219.251.235.54
105,Wyndham,Comar,wcomar2w@ehow.com,Male,224.219.186.5
106,Denis,Pietruszewicz,dpietruszewicz2x@example.com,Male,191.244.191.143
107,Tiena,La Wille,tlawille2y@pinterest.com,Female,6.67.118.221
108,Jaimie,Bromilow,jbromilow2z@alibaba.com,Male,174.238.7.17
109,Madeleine,Terzza,mterzza30@jigsy.com,Female,34.215.55.100
110,Kingston,Shillan,kshillan31@netscape.com,Male,35.135.38.105
111,Joelie,Duchan,jduchan32@blogtalkradio.com,Female,76.239.122.90
112,Crystie,Divver,cdivver33@wunderground.com,Female,29.67.71.208
113,Cornell,Meaden,cmeaden34@pcworld.com,Male,205.161.251.209
114,Grady,Blakeborough,gblakeborough35@networkadvertising.org,Male,193.4.104.184
115,Leslie,Goranov,lgoranov36@utexas.edu,Male,205.64.76.136
116,Pietrek,Arnull,parnull37@hibu.com,Male,191.75.161.106
117,Barton,Deetlefs,bdeetlefs38@technorati.com,Male,212.65.76.0
118,Ignacio,Teers,iteers39@globo.com,Male,158.161.4.8
119,Corina,Tolchard,ctolchard3a@berkeley.edu,Female,177.89.33.48
120,Anallese,Kevis,akevis3b@cam.ac.uk,Female,4.27.53.183
121,Cristie,Gurrado,cgurrado3c@examiner.com,Female,154.182.84.37
122,Cassy,Myner,cmyner3d@hostgator.com,Female,39.190.1.230
123,Sherilyn,Burgum,sburgum3e@1und1.de,Female,180.176.193.85
124,Andres,Sherbrooke,asherbrooke3f@cyberchimps.com,Male,213.28.176.134
125,Aimee,Gehrts,agehrts3g@vinaora.com,Female,248.11.155.146
126,Thomasa,MacRitchie,tmacritchie3h@ucla.edu,Female,4.117.136.23
127,Gilda,Chestnutt,gchestnutt3i@omniture.com,Female,174.147.59.65
128,Brenn,Attwood,battwood3j@yandex.ru,Female,99.119.185.55
129,Tori,Castagne,tcastagne3k@bloomberg.com,Female,42.125.216.197
130,Ellene,Seathwright,eseathwright3l@dyndns.org,Female,72.21.177.102
131,Simeon,Hoodless,shoodless3m@time.com,Male,201.211.26.22
132,Scotti,Jakel,sjakel3n@w3.org,Male,124.127.66.252
133,Tessy,Rowlson,trowlson3o@eventbrite.com,Female,222.227.34.156
134,Fletch,Blewett,fblewett3p@pen.io,Male,244.219.32.244
135,Hildy,De Ferraris,hdeferraris3q@clickbank.net,Female,93.232.133.134
136,Ilsa,Skirrow,iskirrow3r@ning.com,Female,75.123.138.148
137,Harwilll,Golsworthy,hgolsworthy3s@ustream.tv,Male,174.174.9.87
138,Minnie,Mityushkin,mmityushkin3t@yelp.com,Female,80.195.140.251
139,Dareen,Johannes,djohannes3u@ihg.com,Female,40.43.132.78
140,Sven,Towns,stowns3v@ezinearticles.com,Male,165.147.126.84
141,Ellis,Flanaghan,eflanaghan3w@rakuten.co.jp,Male,81.32.225.170
142,Sonja,De Filippo,sdefilippo3x@blogspot.com,Female,40.0.246.109
143,Rick,Jiricka,rjiricka3y@github.io,Male,6.185.34.165
144,Lusa,Inold,linold3z@clickbank.net,Female,245.95.114.34
145,Randee,Szach,rszach40@bluehost.com,Female,255.214.160.93
146,Benn,Baumadier,bbaumadier41@whitehouse.gov,Male,47.246.43.203
147,Pamelina,Cossans,pcossans42@webnode.com,Female,149.79.57.190
148,Laney,Agerskow,lagerskow43@opera.com,Female,174.71.56.204
149,Alidia,Abrahamowitcz,aabrahamowitcz44@smugmug.com,Female,203.22.86.140
150,Bob,Bysh,bbysh45@nyu.edu,Male,24.183.171.179
151,Aymer,Philipart,aphilipart46@eepurl.com,Male,146.80.61.20
152,Aurlie,Eymor,aeymor47@weather.com,Female,77.3.95.188
153,Adey,Von Hindenburg,avonhindenburg48@sciencedaily.com,Female,181.112.30.204
154,Irvin,Lerwell,ilerwell49@house.gov,Male,156.117.113.2
155,Catlee,Pizer,cpizer4a@comsenz.com,Female,58.189.74.1
156,Yard,Parks,yparks4b@huffingtonpost.com,Male,69.175.149.224
157,Melodee,Shovelton,mshovelton4c@un.org,Female,124.13.145.221
158,Harbert,Linthead,hlinthead4d@sun.com,Male,189.88.122.143
159,Irwinn,Tippetts,itippetts4e@com.com,Male,25.76.24.173
160,Coraline,Kleinstein,ckleinstein4f@wikimedia.org,Female,212.207.137.73
161,Shelby,Craft,scraft4g@tiny.cc,Male,2.225.180.52
162,Shel,Karlsson,skarlsson4h@rambler.ru,Female,172.203.234.55
163,Odessa,Errowe,oerrowe4i@marriott.com,Female,145.21.161.54
164,Birch,Gepheart,bgepheart4j@fema.gov,Male,107.53.255.206
165,Holt,Skelington,hskelington4k@msn.com,Male,41.210.247.202
166,Jess,Gremane,jgremane4l@drupal.org,Male,156.3.93.80
167,Emmalee,Mettericke,emettericke4m@gravatar.com,Female,136.55.231.216
168,Tresa,Sellman,tsellman4n@4shared.com,Female,58.223.123.196
169,Jacques,Vowdon,jvowdon4o@nsw.gov.au,Male,164.88.17.21
170,Berrie,Raun,braun4p@yellowpages.com,Female,42.211.221.16
171,Annabella,Busk,abusk4q@deliciousdays.com,Female,132.99.106.52
172,Pen,Charlo,pcharlo4r@istockphoto.com,Male,99.190.197.114
173,Almeria,Scanlin,ascanlin4s@telegraph.co.uk,Female,185.164.98.24
174,Ros,Gandar,rgandar4t@stanford.edu,Female,253.50.126.189
175,Constantia,Raddan,craddan4u@marriott.com,Female,2.22.29.0
176,Rowe,Chessor,rchessor4v@omniture.com,Female,56.199.129.255
177,Randee,Casino,rcasino4w@pagesperso-orange.fr,Female,45.200.164.129
178,Livvy,Vannozzii,lvannozzii4x@dell.com,Female,6.7.33.10
179,Anderea,Balaison,abalaison4y@about.com,Female,240.232.248.143
180,Chet,Bordiss,cbordiss4z@cmu.edu,Male,241.234.212.206
181,Leupold,Toward,ltoward50@fotki.com,Male,160.84.248.150
182,Josselyn,Dalloway,jdalloway51@buzzfeed.com,Female,133.211.194.61
183,Orren,Fosken,ofosken52@google.ru,Male,111.174.2.151
184,Nikolaus,Cattermoul,ncattermoul53@seesaa.net,Male,185.142.40.49
185,Margie,Dowdney,mdowdney54@reference.com,Female,126.253.126.210
186,Winston,Mignot,wmignot55@fda.gov,Male,158.192.80.52
187,Abey,Chasmor,achasmor56@facebook.com,Male,74.234.187.102
188,Audry,Strafen,astrafen57@cafepress.com,Female,8.51.177.72
189,Rriocard,Huyge,rhuyge58@china.com.cn,Male,54.119.166.70
190,Rodolph,Minichi,rminichi59@bloglovin.com,Male,154.95.118.71
191,Aleta,Cossem,acossem5a@wikipedia.org,Female,172.244.141.29
192,Carol,Rennock,crennock5b@sbwire.com,Female,58.247.43.190
193,Guglielmo,Shurmore,gshurmore5c@yale.edu,Male,83.39.193.242
194,Clarey,Moisey,cmoisey5d@google.de,Female,45.183.126.246
195,Chauncey,Malenfant,cmalenfant5e@go.com,Male,245.254.138.16
196,Shandy,Frediani,sfrediani5f@aboutads.info,Female,177.207.188.233
197,Heddie,Navarre,hnavarre5g@ameblo.jp,Female,241.221.60.25
198,Belinda,Gallop,bgallop5h@1und1.de,Female,52.139.147.73
199,Bancroft,Ionnisian,bionnisian5i@narod.ru,Male,140.241.211.217
200,Ally,Adamovitz,aadamovitz5j@nationalgeographic.com,Female,103.171.168.190
201,Gweneth,McGrayle,gmcgrayle5k@patch.com,Female,164.175.5.205
202,Kristian,Delgadillo,kdelgadillo5l@constantcontact.com,Male,203.151.227.52
203,Lazare,Gossage,lgossage5m@flavors.me,Male,177.241.212.99
204,Alec,Reede,areede5n@sourceforge.net,Male,159.210.108.31
205,Bradan,Block,bblock5o@tinyurl.com,Male,159.136.199.130
206,Steffie,Grimble,sgrimble5p@va.gov,Female,176.105.145.98
207,Moises,Shooter,mshooter5q@tmall.com,Male,2.230.178.78
208,Gladi,Beevors,gbeevors5r@umn.edu,Female,251.113.238.192
209,Merry,Georges,mgeorges5s@bloglines.com,Female,221.179.221.128
210,Nadeen,Osinin,nosinin5t@cnbc.com,Female,150.99.110.79
211,Todd,Meredyth,tmeredyth5u@phpbb.com,Male,181.102.30.202
212,Shurlocke,Blakiston,sblakiston5v@pen.io,Male,32.250.217.42
213,Adams,Minchinton,aminchinton5w@illinois.edu,Male,226.31.129.201
214,Gibb,Nitti,gnitti5x@dailymail.co.uk,Male,128.93.146.63
215,Aylmar,Pulver,apulver5y@youtube.com,Male,234.44.21.65
216,Ede,Lembke,elembke5z@live.com,Female,225.99.186.221
217,Mareah,Greveson,mgreveson60@wordpress.com,Female,53.52.40.221
218,Nelli,Kumaar,nkumaar61@artisteer.com,Female,48.98.118.52
219,Farleigh,Murname,fmurname62@miibeian.gov.cn,Male,95.164.209.151
220,Harvey,Chopin,hchopin63@wikia.com,Male,76.127.117.8
221,Annie,Gayne,agayne64@fc2.com,Female,128.190.195.11
222,Dorella,Colegate,dcolegate65@economist.com,Female,178.246.8.232
223,Arlena,McElvine,amcelvine66@cyberchimps.com,Female,26.114.123.32
224,Cyndie,Kitchen,ckitchen67@arizona.edu,Female,212.45.138.224
225,Olympie,Starkings,ostarkings68@instagram.com,Female,73.90.27.210
226,Hadlee,Rollingson,hrollingson69@nationalgeographic.com,Male,154.168.195.53
227,Pet,Gilardi,pgilardi6a@ucoz.ru,Female,50.24.157.97
228,Edward,Lloyds,elloyds6b@latimes.com,Male,71.211.194.31
229,Cassie,Verlinden,cverlinden6c@vk.com,Female,210.219.220.172
230,Millisent,Van Daalen,mvandaalen6d@china.com.cn,Female,74.149.64.222
231,Ban,Felgat,bfelgat6e@yelp.com,Male,16.217.42.52
232,Shalom,Fearnall,sfearnall6f@google.com.hk,Male,167.157.222.110
233,Carrol,Hardey,chardey6g@ox.ac.uk,Male,197.212.117.131
234,Hershel,Kitchaside,hkitchaside6h@amazonaws.com,Male,177.21.4.115
235,Lyndy,Itshak,litshak6i@washingtonpost.com,Female,243.84.232.165
236,Alice,Eborn,aeborn6j@weebly.com,Female,132.148.55.100
237,Sianna,Cohn,scohn6k@admin.ch,Female,238.179.71.161
238,Darb,Ellerbeck,dellerbeck6l@mit.edu,Female,79.164.107.120
239,Lonee,Tomblings,ltomblings6m@pen.io,Female,14.42.14.145
240,Coleen,Yakobowitch,cyakobowitch6n@hugedomains.com,Female,113.9.227.74
241,Gloria,Trematick,gtrematick6o@yellowpages.com,Female,251.20.119.76
242,Fran,Schorah,fschorah6p@xing.com,Female,66.245.164.65
243,Magdaia,Gouldsmith,mgouldsmith6q@imdb.com,Female,250.32.181.146
244,Hogan,McEvon,hmcevon6r@washingtonpost.com,Male,239.162.223.250
245,Aldo,Harby,aharby6s@weebly.com,Male,90.114.91.220
246,Thorin,Hoys,thoys6t@de.vu,Male,208.222.84.114
247,Gratia,Allchorne,gallchorne6u@google.ca,Female,49.134.82.216
248,Orton,Nutten,onutten6v@canalblog.com,Male,193.189.22.228
249,Salomon,Schultheiss,sschultheiss6w@yandex.ru,Male,76.33.13.48
250,Dorette,Devigne,ddevigne6x@reference.com,Female,106.82.130.131
251,Ag,Ricioppo,aricioppo6y@biblegateway.com,Female,0.28.35.142
252,Tomi,Waples,twaples6z@google.co.jp,Female,214.190.68.51
253,Kay,Congram,kcongram70@comsenz.com,Female,90.67.99.120
254,Vivianne,Moon,vmoon71@baidu.com,Female,115.6.115.112
255,Raffarty,Wildin,rwildin72@github.com,Male,116.219.143.239
256,Silas,MacBrearty,smacbrearty73@baidu.com,Male,177.33.157.97
257,Jaquith,Gregoli,jgregoli74@discuz.net,Female,195.238.249.152
258,L;urette,De Cristofalo,ldecristofalo75@usgs.gov,Female,162.134.56.197
259,Krystal,Arnould,karnould76@un.org,Female,62.191.67.24
260,Paxton,King,pking77@gizmodo.com,Male,242.58.162.98
261,Blinnie,Bertlin,bbertlin78@ycombinator.com,Female,252.137.149.184
262,Tamma,Stryde,tstryde79@edublogs.org,Female,42.62.201.226
263,Quintin,Goulder,qgoulder7a@army.mil,Male,183.171.172.187
264,Murdoch,Carlesi,mcarlesi7b@ehow.com,Male,206.57.236.182
265,Janna,Pendle,jpendle7c@google.co.uk,Female,254.125.224.13
266,Deck,Safont,dsafont7d@toplist.cz,Male,76.231.29.240
267,Franciska,Dingley,fdingley7e@boston.com,Female,214.212.5.232
268,Sebastiano,Primarolo,sprimarolo7f@histats.com,Male,4.62.155.36
269,Hedy,Bastock,hbastock7g@ucla.edu,Female,115.22.84.222
270,Lindy,Gosnold,lgosnold7h@usgs.gov,Female,49.0.243.189
271,Shayne,Leall,sleall7i@github.io,Female,203.235.32.68
272,Rutger,Harcombe,rharcombe7j@blog.com,Male,84.157.91.158
273,Jeanine,Gartrell,jgartrell7k@webnode.com,Female,126.136.105.132
274,Rina,Cornelis,rcornelis7l@wordpress.com,Female,59.110.157.28
275,Claudelle,Kail,ckail7m@domainmarket.com,Female,123.89.170.244
276,Stanislaw,Huckfield,shuckfield7n@telegraph.co.uk,Male,131.7.0.87
277,Karel,McCarrison,kmccarrison7o@mail.ru,Male,141.224.195.183
278,Fleming,Clubbe,fclubbe7p@biglobe.ne.jp,Male,188.138.212.221
279,Priscilla,Ronaghan,pronaghan7q@slate.com,Female,20.154.120.187
280,Tracy,Kilgrew,tkilgrew7r@woothemes.com,Female,104.89.101.107
281,Hank,Hurdis,hhurdis7s@squidoo.com,Male,57.96.154.18
282,Beck,Spincke,bspincke7t@angelfire.com,Male,15.49.208.104
283,Kenny,Brislen,kbrislen7u@latimes.com,Male,212.9.230.136
284,Helaina,Keuning,hkeuning7v@lycos.com,Female,249.48.112.245
285,Arthur,Collington,acollington7w@rambler.ru,Male,196.198.179.43
286,Allister,Myford,amyford7x@homestead.com,Male,138.133.108.254
287,Leupold,Undrell,lundrell7y@baidu.com,Male,183.107.187.31
288,Kellen,Jaffa,kjaffa7z@comsenz.com,Male,4.157.193.64
289,Scott,Abramin,sabramin80@pbs.org,Male,199.164.139.69
290,Hunt,Keaves,hkeaves81@sphinn.com,Male,102.43.91.153
291,Lizette,Nutbean,lnutbean82@techcrunch.com,Female,184.98.49.111
292,Liza,De Biaggi,ldebiaggi83@sciencedaily.com,Female,3.26.221.166
293,Stephanus,Dust,sdust84@theguardian.com,Male,56.151.75.100
294,Zebulen,Wivell,zwivell85@dell.com,Male,146.5.249.214
295,Palmer,Branscombe,pbranscombe86@ucsd.edu,Male,106.20.79.56
296,Ebba,Kulvear,ekulvear87@craigslist.org,Female,254.93.124.250
297,Jeni,Lankham,jlankham88@mediafire.com,Female,188.222.35.131
298,Jaquelin,McKue,jmckue89@phoca.cz,Female,250.51.211.68
299,Sarene,Bestiman,sbestiman8a@mlb.com,Female,171.57.48.45
300,Derby,Forde,dforde8b@noaa.gov,Male,223.49.19.98
301,Ray,Shasnan,rshasnan8c@geocities.com,Female,89.243.148.44
302,Conni,Claridge,cclaridge8d@google.de,Female,247.0.241.24
303,Mickie,Cogdon,mcogdon8e@instagram.com,Male,171.186.200.197
304,Christos,Doncom,cdoncom8f@illinois.edu,Male,233.152.137.53
305,Alexine,Priestley,apriestley8g@independent.co.uk,Female,93.41.150.59
306,Aldous,De Hoogh,adehoogh8h@amazon.co.uk,Male,183.17.37.15
307,Hilary,Gamlin,hgamlin8i@hubpages.com,Male,187.225.95.1
308,Cesare,Sertin,csertin8j@webs.com,Male,88.218.21.171
309,Norris,Learmount,nlearmount8k@ft.com,Male,75.254.37.225
310,Martino,Parrish,mparrish8l@nyu.edu,Male,167.14.247.92
311,Alie,Kellert,akellert8m@dion.ne.jp,Female,191.228.171.166
312,Glory,Brunnstein,gbrunnstein8n@amazon.co.jp,Female,54.166.233.37
313,Garrik,McMychem,gmcmychem8o@mapquest.com,Male,224.255.212.148
314,Irvine,Bossel,ibossel8p@bloglines.com,Male,36.97.148.191
315,Marjie,Klee,mklee8q@mayoclinic.com,Female,145.103.94.8
316,Trix,Bresland,tbresland8r@paginegialle.it,Female,78.95.228.84
317,Nikita,Lowdiane,nlowdiane8s@dmoz.org,Male,143.124.208.80
318,Arlen,Oldknowe,aoldknowe8t@jimdo.com,Male,118.234.0.60
319,Darrick,Leeuwerink,dleeuwerink8u@hatena.ne.jp,Male,24.83.115.135
320,Timmi,Stranger,tstranger8v@twitter.com,Female,196.175.42.167
321,Kynthia,Hucquart,khucquart8w@moonfruit.com,Female,146.193.229.230
322,Gloriane,Kiln,gkiln8x@tinyurl.com,Female,81.51.29.238
323,Nesta,Scud,nscud8y@liveinternet.ru,Female,185.103.175.77
324,Marchelle,Kondratenya,mkondratenya8z@archive.org,Female,8.216.174.54
325,Sherwynd,Tipper,stipper90@theglobeandmail.com,Male,101.145.137.226
326,Carolyne,Strettell,cstrettell91@symantec.com,Female,81.152.35.108
327,Ariadne,Seccombe,aseccombe92@pinterest.com,Female,184.199.12.164
328,Paulie,Sharpley,psharpley93@meetup.com,Male,16.208.212.91
329,Pammi,Bentham,pbentham94@marketwatch.com,Female,50.92.125.130
330,Woodie,Peacher,wpeacher95@skyrock.com,Male,226.53.139.40
331,Silas,Ravillas,sravillas96@feedburner.com,Male,32.216.204.126
332,Nevin,Hrinchishin,nhrinchishin97@jiathis.com,Male,24.21.246.67
333,Celesta,Ladyman,cladyman98@wp.com,Female,175.122.226.147
334,Pauli,Badder,pbadder99@harvard.edu,Female,41.123.42.196
335,Antoinette,Treadger,atreadger9a@prweb.com,Female,200.22.191.114
336,Dieter,Boddy,dboddy9b@last.fm,Male,126.64.217.237
337,Norman,Maciejewski,nmaciejewski9c@friendfeed.com,Male,22.194.68.88
338,Latrina,Pietron,lpietron9d@wordpress.com,Female,16.120.63.70
339,Joelle,Gero,jgero9e@google.pl,Female,253.176.185.95
340,Ludwig,Durrett,ldurrett9f@sitemeter.com,Male,172.252.123.174
341,Malissa,Ainge,mainge9g@howstuffworks.com,Female,192.164.21.213
342,Dawna,McKinna,dmckinna9h@techcrunch.com,Female,184.67.164.23
343,Connor,Diss,cdiss9i@foxnews.com,Male,215.240.55.219
344,Laural,Latchford,llatchford9j@eepurl.com,Female,81.235.21.163
345,Chip,Jecock,cjecock9k@upenn.edu,Male,182.108.196.235
346,Libbey,Kinsley,lkinsley9l@scribd.com,Female,120.53.175.1
347,Myer,McIntee,mmcintee9m@economist.com,Male,162.104.18.105
348,Mitch,Mattosoff,mmattosoff9n@soup.io,Male,207.204.42.66
349,Nanni,Dohrmann,ndohrmann9o@boston.com,Female,239.166.235.99
350,Cammi,Hardacre,chardacre9p@google.it,Female,203.110.227.16
351,Donelle,Oneill,doneill9q@soundcloud.com,Female,54.138.132.18
352,Blancha,Cutmore,bcutmore9r@globo.com,Female,89.151.99.220
353,Bob,Codman,bcodman9s@imageshack.us,Male,200.125.141.73
354,Prudi,Capp,pcapp9t@etsy.com,Female,81.96.112.85
355,Anny,Sked,asked9u@foxnews.com,Female,222.157.238.153
356,Lindy,Ginnell,lginnell9v@forbes.com,Male,90.118.226.11
357,Larissa,Fonzo,lfonzo9w@vistaprint.com,Female,171.89.212.63
358,Timmi,Padberry,tpadberry9x@gnu.org,Female,226.88.64.170
359,Junette,Remnant,jremnant9y@usa.gov,Female,158.38.106.80
360,Shayne,Rich,srich9z@rediff.com,Female,11.233.211.172
361,Lucias,Rudd,lrudda0@youtu.be,Male,171.138.34.112
362,Alair,McKeever,amckeevera1@chicagotribune.com,Male,248.229.201.118
363,Leelah,Poundsford,lpoundsforda2@people.com.cn,Female,141.181.147.196
364,Lester,Fulford,lfulforda3@usda.gov,Male,234.205.102.106
365,Lilias,Renachowski,lrenachowskia4@biglobe.ne.jp,Female,94.29.227.7
366,Vassily,Deroche,vderochea5@nasa.gov,Male,134.40.168.217
367,Alisa,Matyushonok,amatyushonoka6@howstuffworks.com,Female,117.21.161.118
368,Yetty,Bour,yboura7@geocities.com,Female,80.242.150.23
369,Clayborn,Bosden,cbosdena8@behance.net,Male,68.126.155.58
370,Cara,Ryhorovich,cryhorovicha9@parallels.com,Female,249.17.154.57
371,Jeralee,Grebert,jgrebertaa@altervista.org,Female,243.215.12.55
372,Hillel,Scane,hscaneab@unblog.fr,Male,184.83.42.230
373,Kelcey,Gatland,kgatlandac@netlog.com,Female,132.33.168.85
374,Chloe,Wolfe,cwolfead@nydailynews.com,Female,246.154.121.28
375,Rodie,Martinetto,rmartinettoae@skype.com,Female,82.187.131.30
376,Kristopher,Ong,kongaf@cbslocal.com,Male,178.34.137.90
377,Germayne,Pinnijar,gpinnijarag@twitter.com,Male,156.150.53.179
378,Camey,Discombe,cdiscombeah@hao123.com,Male,45.109.126.116
379,Dione,Curtoys,dcurtoysai@chicagotribune.com,Female,222.34.123.108
380,Reeba,Hanton,rhantonaj@g.co,Female,187.234.117.210
381,Eldin,Speenden,espeendenak@last.fm,Male,223.51.19.188
382,Brenden,Yukhnin,byukhninal@list-manage.com,Male,103.120.226.100
383,Hortense,Ducaen,hducaenam@creativecommons.org,Female,111.66.184.197
384,Scarlett,Garment,sgarmentan@guardian.co.uk,Female,195.2.106.250
385,Alvy,Douche,adoucheao@fastcompany.com,Male,16.208.114.78
386,Ariel,Twyford,atwyfordap@netlog.com,Female,208.74.43.82
387,Cherlyn,Priestman,cpriestmanaq@prweb.com,Female,69.69.171.69
388,Adrian,Bould,abouldar@un.org,Male,170.4.81.33
389,Randene,Tellenbrook,rtellenbrookas@youtube.com,Female,209.245.4.129
390,Nerte,Brahams,nbrahamsat@edublogs.org,Female,152.194.29.104
391,Lavina,Brosius,lbrosiusau@theglobeandmail.com,Female,221.31.206.95
392,Jorrie,Labrom,jlabromav@sfgate.com,Female,81.25.90.167
393,Duane,Edmonston,dedmonstonaw@gmpg.org,Male,67.87.192.218
394,Kippy,Walhedd,kwalheddax@noaa.gov,Female,36.186.144.103
395,Collete,Rainsbury,crainsburyay@github.com,Female,93.71.233.50
396,Alejoa,Rudkin,arudkinaz@hostgator.com,Male,190.227.102.59
397,Etty,Malim,emalimb0@mail.ru,Female,183.189.115.31
398,Emlynn,Robardey,erobardeyb1@netscape.com,Female,160.192.7.127
399,Miner,Singers,msingersb2@nsw.gov.au,Male,74.147.198.136
400,Broderic,Cutchee,bcutcheeb3@fc2.com,Male,143.38.210.234
401,Anabelle,Platt,aplattb4@about.com,Female,28.225.59.20
402,Kristyn,Boner,kbonerb5@latimes.com,Female,139.141.21.113
403,Marilin,Comettoi,mcomettoib6@umn.edu,Female,18.226.181.77
404,Lani,Jindracek,ljindracekb7@arizona.edu,Female,64.115.11.92
405,Ruperto,Blinder,rblinderb8@list-manage.com,Male,214.241.89.75
406,Dermot,Lazarus,dlazarusb9@yelp.com,Male,192.232.46.91
407,Gerti,Banghe,gbangheba@apple.com,Female,192.194.59.151
408,Damaris,Drever,ddreverbb@livejournal.com,Female,94.74.34.147
409,Thedrick,Stenners,tstennersbc@gizmodo.com,Male,185.118.167.69
410,Ilka,Piell,ipiellbd@friendfeed.com,Female,115.194.33.203
411,Sheff,Stivey,sstiveybe@fastcompany.com,Male,58.163.124.48
412,Frances,Soldan,fsoldanbf@icq.com,Female,83.121.186.105
413,Simonette,Booley,sbooleybg@over-blog.com,Female,135.246.94.237
414,Vally,Fulham,vfulhambh@dmoz.org,Female,207.60.135.38
415,Philomena,Cast,pcastbi@ning.com,Female,121.168.238.26
416,Johny,Bloss,jblossbj@fda.gov,Male,85.46.18.206
417,Cathyleen,Barbrook,cbarbrookbk@adobe.com,Female,237.43.129.5
418,Reggie,Crichmer,rcrichmerbl@dyndns.org,Male,83.223.107.39
419,Ester,Conen,econenbm@cbslocal.com,Female,246.82.227.2
420,Mireielle,Tesimon,mtesimonbn@fda.gov,Female,24.168.183.122
421,Lorin,Pasmore,lpasmorebo@woothemes.com,Male,206.128.12.28
422,Wolf,Endrizzi,wendrizzibp@is.gd,Male,25.102.219.238
423,Shelli,Bowers,sbowersbq@51.la,Female,55.143.180.164
424,Dill,Gore,dgorebr@ucla.edu,Male,52.224.54.233
425,Mickie,Surmon,msurmonbs@stumbleupon.com,Female,133.179.84.37
426,Katina,Brinsford,kbrinsfordbt@shinystat.com,Female,167.216.87.161
427,Viki,Curnokk,vcurnokkbu@dagondesign.com,Female,185.224.185.30
428,Malcolm,McGeachie,mmcgeachiebv@cocolog-nifty.com,Male,207.128.115.255
429,Florida,Pearcehouse,fpearcehousebw@issuu.com,Female,134.22.253.231
430,Ellis,Klulicek,eklulicekbx@soundcloud.com,Male,78.113.236.229
431,Bobbe,Summerskill,bsummerskillby@ted.com,Female,157.131.126.84
432,Berny,Purrington,bpurringtonbz@vimeo.com,Female,118.184.101.104
433,Benedikt,Bucktrout,bbucktroutc0@ucoz.ru,Male,136.215.15.209
434,Bay,Skillern,bskillernc1@webnode.com,Male,243.188.109.126
435,Cassius,Caherny,ccahernyc2@army.mil,Male,10.113.72.230
436,Jacquetta,Feldmus,jfeldmusc3@aboutads.info,Female,184.199.231.243
437,Welbie,Kasperski,wkasperskic4@msn.com,Male,81.219.223.44
438,Herc,Anthona,hanthonac5@earthlink.net,Male,83.162.182.247
439,Georgina,Venners,gvennersc6@edublogs.org,Female,204.206.209.210
440,Isa,Bisterfeld,ibisterfeldc7@cpanel.net,Male,178.125.74.23
441,Clair,Hamblin,chamblinc8@utexas.edu,Male,140.34.172.248
442,Arnaldo,Silverman,asilvermanc9@wunderground.com,Male,44.131.227.39
443,Lenka,Mountstephen,lmountstephenca@163.com,Female,200.238.139.78
444,Ilario,Chrichton,ichrichtoncb@ocn.ne.jp,Male,130.170.89.61
445,Domingo,Findlater,dfindlatercc@ebay.co.uk,Male,210.85.162.151
446,Venita,Hallstone,vhallstonecd@bizjournals.com,Female,139.56.104.184
447,Junia,Jacob,jjacobce@123-reg.co.uk,Female,130.155.190.63
448,Bret,Gallihawk,bgallihawkcf@yandex.ru,Male,104.159.137.9
449,Chere,Truscott,ctruscottcg@europa.eu,Female,165.121.225.21
450,Brannon,Frodsham,bfrodshamch@hibu.com,Male,56.74.99.232
451,Celia,Lidgley,clidgleyci@printfriendly.com,Female,106.175.81.249
452,Brita,Ickovici,bickovicicj@craigslist.org,Female,172.40.107.146
453,Victoir,Charles,vcharlesck@gizmodo.com,Male,41.227.192.53
454,Lavinia,McCrum,lmccrumcl@salon.com,Female,206.206.253.74
455,Prent,Gear,pgearcm@posterous.com,Male,24.141.168.77
456,Armando,Engeham,aengehamcn@redcross.org,Male,186.79.136.154
457,Philippe,Veysey,pveyseyco@dropbox.com,Female,136.149.33.190
458,Gualterio,Meugens,gmeugenscp@altervista.org,Male,169.240.53.222
459,Fae,Reiners,freinerscq@comsenz.com,Female,223.96.181.92
460,Monroe,Friatt,mfriattcr@bluehost.com,Male,13.54.136.56
461,Wit,Burbudge,wburbudgecs@cbsnews.com,Male,182.92.173.110
462,Kilian,McLanachan,kmclanachanct@seattletimes.com,Male,166.56.155.16
463,Sheeree,Regenhardt,sregenhardtcu@barnesandnoble.com,Female,160.124.211.29
464,Pincus,MacCoveney,pmaccoveneycv@gov.uk,Male,242.192.176.117
465,Christy,Bladesmith,cbladesmithcw@cyberchimps.com,Female,249.158.5.44
466,Albie,Scorer,ascorercx@ifeng.com,Male,251.11.128.19
467,Werner,Burnel,wburnelcy@cornell.edu,Male,64.78.217.160
468,Deny,Fitchett,dfitchettcz@webnode.com,Female,123.239.8.101
469,Maryanna,Coneau,mconeaud0@comcast.net,Female,84.98.96.6
470,Dieter,Penticost,dpenticostd1@comcast.net,Male,165.6.77.155
471,Sheelagh,Tolworthy,stolworthyd2@ask.com,Female,135.16.85.129
472,Jaime,Nunson,jnunsond3@baidu.com,Female,130.53.129.214
473,Ban,Gleader,bgleaderd4@bloglines.com,Male,249.249.84.149
474,Sibyl,Bolduc,sbolducd5@walmart.com,Female,175.3.230.97
475,Marijo,Wysome,mwysomed6@theatlantic.com,Female,50.57.211.140
476,Georgetta,Gorvin,ggorvind7@illinois.edu,Female,168.121.50.122
477,Deloris,Francescone,dfrancesconed8@lulu.com,Female,137.252.1.205
478,Ashlie,Fryd,afrydd9@sina.com.cn,Female,224.134.29.7
479,Madelene,McGraith,mmcgraithda@behance.net,Female,89.117.185.155
480,Charlotta,Hedden,cheddendb@nps.gov,Female,79.48.176.9
481,Myrta,Beebis,mbeebisdc@usatoday.com,Female,11.34.41.185
482,Lockwood,Levecque,llevecquedd@bigcartel.com,Male,242.30.58.52
483,Kleon,Galbraith,kgalbraithde@arizona.edu,Male,47.176.55.215
484,Lia,Hassent,lhassentdf@nsw.gov.au,Female,160.136.90.228
485,Kara,Somerled,ksomerleddg@nymag.com,Female,93.242.173.42
486,Dexter,Topping,dtoppingdh@mac.com,Male,243.149.225.179
487,Daron,Plak,dplakdi@so-net.ne.jp,Female,68.67.18.162
488,Rory,Reyna,rreynadj@baidu.com,Female,95.154.128.33
489,Bernhard,Hubbock,bhubbockdk@usda.gov,Male,200.186.228.23
490,Felix,Hariot,fhariotdl@dmoz.org,Male,50.207.70.193
491,Taddeo,Sivier,tsivierdm@barnesandnoble.com,Male,255.52.86.251
492,Lazaro,Lestor,llestordn@time.com,Male,10.223.85.252
493,Ryann,Goodby,rgoodbydo@alibaba.com,Female,147.177.63.251
494,Laurianne,Knowler,lknowlerdp@accuweather.com,Female,192.8.36.211
495,Sheppard,Dulieu,sdulieudq@baidu.com,Male,26.245.152.182
496,Fitz,Yashanov,fyashanovdr@pinterest.com,Male,45.219.118.160
497,Zorana,Longridge,zlongridgeds@4shared.com,Female,139.230.216.111
498,Judon,Tomasian,jtomasiandt@toplist.cz,Male,22.183.223.90
499,Allard,Repp,areppdu@amazon.co.uk,Male,36.232.162.104
500,Arley,De Bischop,adebischopdv@smh.com.au,Male,49.140.124.91
501,Pascal,Cumine,pcuminedw@netlog.com,Male,13.225.109.232
502,Agata,Esgate,aesgatedx@mayoclinic.com,Female,68.125.68.84
503,Ignacius,Alexsandrovich,ialexsandrovichdy@artisteer.com,Male,73.29.37.160
504,Gillan,Trimming,gtrimmingdz@auda.org.au,Female,233.244.252.46
505,Aloysia,Oscroft,aoscrofte0@netscape.com,Female,39.65.201.83
506,Novelia,Chewter,nchewtere1@archive.org,Female,40.67.42.251
507,Gae,Gyver,ggyvere2@google.ca,Female,117.94.135.153
508,Krisha,Traves,ktravese3@time.com,Male,190.186.129.188
509,Henry,Caldaro,hcaldaroe4@mozilla.com,Male,182.210.55.226
510,Lem,Feathersby,lfeathersbye5@barnesandnoble.com,Male,197.219.44.222
511,Blanca,Wickerson,bwickersone6@dailymotion.com,Female,154.190.138.125
512,Blisse,Rodda,broddae7@marriott.com,Female,4.184.100.7
513,Brady,Litzmann,blitzmanne8@alexa.com,Male,55.22.222.185
514,Gretta,Perks,gperkse9@usatoday.com,Female,181.142.178.150
515,Wendell,Jansey,wjanseyea@ask.com,Male,157.173.49.212
516,Josh,Bonifant,jbonifanteb@nps.gov,Male,150.180.214.179
517,Jacinda,Scrymgeour,jscrymgeourec@rambler.ru,Female,91.14.102.244
518,Douglas,Clunan,dclunaned@aol.com,Male,188.234.220.24
519,Petronella,Thurman,pthurmanee@liveinternet.ru,Female,59.25.214.239
520,Rodie,Heaslip,rheaslipef@cornell.edu,Female,143.68.10.219
521,Georgi,Longman,glongmaneg@narod.ru,Male,103.137.104.58
522,Merell,Smallshaw,msmallshaweh@tripadvisor.com,Male,47.96.118.23
523,Chrisy,Deakan,cdeakanei@meetup.com,Male,127.127.18.218
524,Lucy,Skala,lskalaej@discovery.com,Female,128.177.255.223
525,Griff,Elfitt,gelfittek@myspace.com,Male,69.114.248.209
526,Pansy,Heinl,pheinlel@columbia.edu,Female,159.220.26.239
527,Chicky,Glew,cglewem@wikipedia.org,Female,11.212.16.127
528,Cherilynn,Blount,cblounten@ihg.com,Female,195.4.75.207
529,Nari,Cherm,nchermeo@google.pl,Female,104.123.195.4
530,Gloria,O'Corhane,gocorhaneep@theguardian.com,Female,249.205.211.10
531,Giusto,Landell,glandelleq@usnews.com,Male,234.1.211.94
532,Sadella,Hattoe,shattoeer@storify.com,Female,94.53.101.25
533,Cecilius,Danser,cdanseres@theglobeandmail.com,Male,212.172.120.212
534,Lory,Labbez,llabbezet@reddit.com,Female,167.128.201.132
535,Tansy,Leathwood,tleathwoodeu@cbsnews.com,Female,154.229.138.180
536,Thekla,Saxon,tsaxonev@vkontakte.ru,Female,231.37.12.3
537,Hestia,Lemoir,hlemoirew@irs.gov,Female,161.224.70.198
538,Byram,Eliassen,beliassenex@businessweek.com,Male,25.0.58.42
539,Dulcia,Beavis,dbeavisey@theguardian.com,Female,236.74.20.197
540,Rollie,Rysdale,rrysdaleez@a8.net,Male,167.15.143.52
541,Imogene,Hillock,ihillockf0@amazon.de,Female,92.197.72.255
542,Corrine,Brinsford,cbrinsfordf1@answers.com,Female,42.140.71.151
543,Pete,Bridgement,pbridgementf2@canalblog.com,Male,99.51.4.17
544,Godwin,Lace,glacef3@posterous.com,Male,218.162.95.156
545,Chandal,Drohan,cdrohanf4@scribd.com,Female,234.227.199.200
546,Ransom,Deans,rdeansf5@buzzfeed.com,Male,141.190.131.52
547,Belle,Lerwell,blerwellf6@geocities.com,Female,80.253.219.215
548,Suzann,Rau,srauf7@blogspot.com,Female,241.152.251.212
549,Maddalena,Spincks,mspincksf8@friendfeed.com,Female,30.47.2.112
550,Beckie,Doogood,bdoogoodf9@istockphoto.com,Female,221.68.44.72
551,Penny,Farrand,pfarrandfa@hatena.ne.jp,Male,163.14.194.113
552,Vinni,Dauby,vdaubyfb@delicious.com,Female,156.177.94.0
553,Pen,Drewitt,pdrewittfc@360.cn,Male,165.217.39.108
554,Jaynell,Kaygill,jkaygillfd@twitpic.com,Female,166.217.25.173
555,Emylee,Gallehawk,egallehawkfe@shop-pro.jp,Female,132.114.185.56
556,Julienne,Luca,jlucaff@blinklist.com,Female,211.151.240.254
557,Imelda,Mollitt,imollittfg@google.co.jp,Female,85.153.41.72
558,Leia,Colthard,lcolthardfh@about.com,Female,188.45.134.250
559,Mae,Angove,mangovefi@hugedomains.com,Female,184.141.253.138
560,Jeno,Shory,jshoryfj@intel.com,Male,93.209.201.168
561,Aurilia,Miebes,amiebesfk@youtube.com,Female,56.161.76.190
562,Rhody,Klimov,rklimovfl@pcworld.com,Female,75.140.199.50
563,Kathlin,Rapper,krapperfm@mail.ru,Female,163.238.19.107
564,Krysta,Schade,kschadefn@hubpages.com,Female,114.105.239.192
565,Giff,Noteyoung,gnoteyoungfo@reuters.com,Male,170.225.90.251
566,Sunny,Mityushkin,smityushkinfp@hubpages.com,Female,21.136.131.60
567,Dicky,Navaro,dnavarofq@dmoz.org,Male,152.211.246.208
568,Cristine,Seabright,cseabrightfr@sun.com,Female,198.237.192.111
569,Ignace,Milkeham,imilkehamfs@utexas.edu,Male,210.20.111.222
570,Devin,Surgood,dsurgoodft@yolasite.com,Female,236.68.141.120
571,Dur,Tomaszczyk,dtomaszczykfu@imageshack.us,Male,163.70.7.252
572,Ephraim,Josephoff,ejosephofffv@exblog.jp,Male,68.170.205.23
573,Lambert,Mapplethorpe,lmapplethorpefw@topsy.com,Male,45.222.6.45
574,Crista,Deveril,cdeverilfx@nydailynews.com,Female,104.124.217.138
575,Devi,Argont,dargontfy@bbb.org,Female,128.170.101.141
576,Amii,Hughesdon,ahughesdonfz@facebook.com,Female,166.210.63.126
577,Jarib,Deneve,jdeneveg0@sohu.com,Male,206.195.197.25
578,Debbi,Toman,dtomang1@sbwire.com,Female,114.113.109.63
579,Griselda,Dimic,gdimicg2@cmu.edu,Female,225.246.112.176
580,Marian,Samwayes,msamwayesg3@telegraph.co.uk,Female,115.104.227.108
581,Lishe,Mattosoff,lmattosoffg4@dyndns.org,Female,247.216.69.243
582,Skell,Jeannaud,sjeannaudg5@slideshare.net,Male,165.74.107.182
583,Goldy,Tonnesen,gtonneseng6@china.com.cn,Female,148.29.100.115
584,Sianna,Laugherane,slaugheraneg7@un.org,Female,134.47.112.230
585,Brianna,Shemilt,bshemiltg8@zdnet.com,Female,220.105.20.167
586,Joshuah,Trematick,jtrematickg9@alibaba.com,Male,104.206.133.240
587,Jacques,Bails,jbailsga@cocolog-nifty.com,Male,96.205.17.15
588,Gothart,Thickett,gthickettgb@squidoo.com,Male,63.76.38.208
589,Hannis,Figura,hfiguragc@mozilla.org,Female,143.57.224.135
590,Lorain,Spendley,lspendleygd@buzzfeed.com,Female,11.212.189.243
591,Joli,Trumble,jtrumblege@prnewswire.com,Female,32.216.93.0
592,Ricki,Blain,rblaingf@ucla.edu,Female,249.153.83.220
593,Krista,Boothby,kboothbygg@miibeian.gov.cn,Female,214.235.160.216
594,Quinn,Cuniffe,qcuniffegh@washingtonpost.com,Female,164.154.16.119
595,Jacques,Arrowsmith,jarrowsmithgi@cornell.edu,Male,74.235.65.8
596,Denna,Beet,dbeetgj@si.edu,Female,245.106.172.66
597,Elston,Silvermann,esilvermanngk@apple.com,Male,140.55.130.90
598,Franciska,Beadon,fbeadongl@a8.net,Female,120.228.124.207
599,Aldus,Challiss,achallissgm@wsj.com,Male,249.120.208.240
600,Lyman,Dunlea,ldunleagn@who.int,Male,173.157.149.74
601,Glenna,MacAlister,gmacalistergo@elpais.com,Female,219.140.239.30
602,Mercy,Fitzroy,mfitzroygp@dyndns.org,Female,167.221.78.27
603,Sharleen,Rapi,srapigq@google.cn,Female,8.147.179.46
604,Essie,Mulqueeny,emulqueenygr@cloudflare.com,Female,231.113.70.201
605,Berne,Whitmore,bwhitmoregs@artisteer.com,Male,156.103.148.226
606,Kamilah,Lambirth,klambirthgt@blog.com,Female,153.122.151.11
607,Pincas,Seton,psetongu@icio.us,Male,166.91.120.140
608,Lemmy,Heis,lheisgv@spiegel.de,Male,88.41.128.37
609,Morlee,Cocci,mcoccigw@salon.com,Male,20.7.125.215
610,Beverlie,Hollows,bhollowsgx@nyu.edu,Female,196.19.185.233
611,Normand,Sander,nsandergy@myspace.com,Male,203.207.119.123
612,Alameda,Mossbee,amossbeegz@rediff.com,Female,154.245.171.74
613,Grant,Cockson,gcocksonh0@bloomberg.com,Male,229.50.209.121
614,Olivier,Sirl,osirlh1@vimeo.com,Male,220.96.86.219
615,Diahann,Verdon,dverdonh2@weebly.com,Female,198.77.135.72
616,Craggy,Dilley,cdilleyh3@huffingtonpost.com,Male,31.0.101.194
617,Addie,Laughren,alaughrenh4@ed.gov,Male,54.255.254.241
618,Raymond,MacCarrane,rmaccarraneh5@comcast.net,Male,183.177.119.51
619,Marty,Dubarry,mdubarryh6@cbslocal.com,Male,155.5.174.236
620,Gorden,Itscovitz,gitscovitzh7@baidu.com,Male,155.180.157.180
621,Melody,Kivlehan,mkivlehanh8@dion.ne.jp,Female,198.61.103.50
622,Farra,De Giorgis,fdegiorgish9@ucoz.com,Female,125.246.58.4
623,Bucky,Haccleton,bhaccletonha@wikispaces.com,Male,246.13.245.189
624,Allsun,Deeley,adeeleyhb@mozilla.com,Female,138.25.139.244
625,Ancell,Van Dijk,avandijkhc@fda.gov,Male,230.168.51.177
626,Talbert,Borges,tborgeshd@linkedin.com,Male,36.157.253.142
627,Sarena,Wickerson,swickersonhe@engadget.com,Female,237.219.35.162
628,Odetta,Gavriel,ogavrielhf@smugmug.com,Female,93.30.20.72
629,Sharron,Knapton,sknaptonhg@squidoo.com,Female,226.130.113.15
630,Lenard,Bridgewater,lbridgewaterhh@unesco.org,Male,194.18.172.89
631,Barbabas,McElrath,bmcelrathhi@discovery.com,Male,33.33.182.35
632,Webster,Goodding,wgooddinghj@umn.edu,Male,124.255.109.166
633,Alaster,Howlin,ahowlinhk@army.mil,Male,102.136.104.118
634,Layne,Oxbe,loxbehl@bbc.co.uk,Female,157.97.11.156
635,Zed,Talmadge,ztalmadgehm@amazon.com,Male,184.47.168.94
636,Antonia,Willingale,awillingalehn@theglobeandmail.com,Female,16.37.12.218
637,Bondy,Staterfield,bstaterfieldho@chron.com,Male,151.66.207.115
638,Dorella,Kempe,dkempehp@spotify.com,Female,248.225.250.73
639,Francene,Ravenshear,fravenshearhq@nps.gov,Female,41.60.233.20
640,Alex,Burnell,aburnellhr@wordpress.com,Male,26.53.172.98
641,Norry,Pepi,npepihs@globo.com,Male,187.77.177.236
642,Mattias,MacMurray,mmacmurrayht@sourceforge.net,Male,186.143.65.247
643,Kipper,Pellamonuten,kpellamonutenhu@multiply.com,Male,198.114.102.179
644,Mohandas,Stoffersen,mstoffersenhv@e-recht24.de,Male,250.53.68.217
645,Ammamaria,Noseworthy,anoseworthyhw@jalbum.net,Female,220.35.189.229
646,Kamilah,Claremont,kclaremonthx@imdb.com,Female,45.152.111.181
647,Carena,Hallwell,challwellhy@purevolume.com,Female,50.220.230.15
648,Amory,Prestedge,aprestedgehz@twitter.com,Male,56.12.99.251
649,Georgetta,Bysh,gbyshi0@kickstarter.com,Female,159.185.120.39
650,Caroline,Igoe,cigoei1@nydailynews.com,Female,165.165.91.230
651,Alf,Filippyev,afilippyevi2@theatlantic.com,Male,75.5.8.255
652,Jessie,Yarmouth,jyarmouthi3@mail.ru,Female,83.212.120.19
653,Eleen,Marcos,emarcosi4@gov.uk,Female,220.87.94.251
654,Clea,Tytterton,ctyttertoni5@imageshack.us,Female,64.194.30.39
655,Webb,Saw,wsawi6@sina.com.cn,Male,226.234.190.209
656,Bale,Ransley,bransleyi7@ed.gov,Male,15.193.44.84
657,Ricky,Sirl,rsirli8@edublogs.org,Male,242.176.18.185
658,Hailee,O'Flynn,hoflynni9@prnewswire.com,Female,165.240.146.221
659,Eal,Kunzelmann,ekunzelmannia@squidoo.com,Male,128.79.177.180
660,Perry,Shilston,pshilstonib@webnode.com,Female,70.161.209.226
661,Sarita,Emblem,semblemic@usda.gov,Female,233.106.166.103
662,Gaylor,Prettyjohns,gprettyjohnsid@hao123.com,Male,42.43.166.171
663,Alysa,Scaife,ascaifeie@tinyurl.com,Female,208.232.48.57
664,Jermaine,Laxen,jlaxenif@skyrock.com,Female,125.205.152.161
665,Cacilia,Short,cshortig@ifeng.com,Female,147.20.144.234
666,Koenraad,Easthope,keasthopeih@geocities.jp,Male,245.242.250.36
667,Whitby,Cluett,wcluettii@twitter.com,Male,90.65.190.66
668,Sigrid,Josse,sjosseij@patch.com,Female,181.3.84.64
669,Donaugh,Colafate,dcolafateik@usgs.gov,Male,236.118.246.40
670,Josiah,Crawshay,jcrawshayil@naver.com,Male,118.196.170.242
671,Fiann,Nisbet,fnisbetim@chronoengine.com,Female,162.176.229.98
672,Alvis,Dreini,adreiniin@skyrock.com,Male,107.30.230.199
673,Nathanil,Shurville,nshurvilleio@forbes.com,Male,195.136.189.155
674,Coletta,Klimov,cklimovip@fda.gov,Female,14.29.12.109
675,Alfredo,Armes,aarmesiq@prweb.com,Male,178.108.196.34
676,Fabe,Deeley,fdeeleyir@wordpress.com,Male,19.56.112.29
677,Bevin,Botley,bbotleyis@i2i.jp,Male,178.163.29.225
678,Elinor,Bales,ebalesit@arstechnica.com,Female,87.232.157.116
679,Maritsa,Dwyer,mdwyeriu@nsw.gov.au,Female,133.235.176.150
680,Jewel,Lacey,jlaceyiv@dailymail.co.uk,Female,37.73.4.4
681,Lanny,Sale,lsaleiw@google.fr,Male,250.246.44.180
682,Ethyl,Stonhouse,estonhouseix@dedecms.com,Female,246.245.162.201
683,Clemence,Felmingham,cfelminghamiy@rakuten.co.jp,Female,253.211.1.176
684,Palm,Broxis,pbroxisiz@nyu.edu,Male,144.126.84.176
685,Bab,Heath,bheathj0@yahoo.com,Female,39.189.41.186
686,Jessamine,Dobey,jdobeyj1@discovery.com,Female,44.48.90.131
687,Shelden,Gillison,sgillisonj2@google.com.hk,Male,51.250.182.209
688,Llywellyn,Judkin,ljudkinj3@goodreads.com,Male,225.138.174.42
689,Howey,Wainman,hwainmanj4@fastcompany.com,Male,155.215.95.97
690,Starlene,De la Perrelle,sdelaperrellej5@ovh.net,Female,66.218.7.104
691,Ulrike,MacMeanma,umacmeanmaj6@loc.gov,Female,155.11.148.84
692,Bill,Clark,bclarkj7@bandcamp.com,Male,60.145.89.80
693,Papageno,Devinn,pdevinnj8@chicagotribune.com,Male,217.152.189.61
694,Sibyl,Bindin,sbindinj9@phoca.cz,Male,163.134.72.26
695,Marcus,McAlester,mmcalesterja@yellowpages.com,Male,114.245.64.239
696,Rutledge,Kibby,rkibbyjb@cbsnews.com,Male,80.203.39.139
697,Kariotta,Denkin,kdenkinjc@si.edu,Female,213.9.45.101
698,Dorian,Beal,dbealjd@timesonline.co.uk,Female,140.47.83.187
699,Joela,Mashro,jmashroje@blogtalkradio.com,Female,23.107.149.58
700,Frazer,Elintune,felintunejf@vinaora.com,Male,199.50.240.7
701,Nilson,Rutter,nrutterjg@unicef.org,Male,129.53.26.73
702,Corbin,Gopsell,cgopselljh@g.co,Male,103.158.25.50
703,Arda,Benaine,abenaineji@edublogs.org,Female,0.152.204.196
704,Gauthier,Emby,gembyjj@chron.com,Male,244.51.142.250
705,Alasdair,Obbard,aobbardjk@theglobeandmail.com,Male,173.38.200.196
706,Dorry,Readie,dreadiejl@furl.net,Female,114.142.8.118
707,Marven,Cubitt,mcubittjm@loc.gov,Male,148.244.1.63
708,Clemmy,Floyed,cfloyedjn@themeforest.net,Female,95.188.222.106
709,Washington,Newnham,wnewnhamjo@shutterfly.com,Male,33.32.10.119
710,Maressa,Campione,mcampionejp@nbcnews.com,Female,157.84.218.104
711,Lucky,Beatty,lbeattyjq@addthis.com,Female,240.241.224.255
712,Laryssa,Finci,lfincijr@adobe.com,Female,123.37.201.157
713,Florella,Maharry,fmaharryjs@pbs.org,Female,218.35.47.62
714,Winslow,Flasby,wflasbyjt@godaddy.com,Male,156.225.231.33
715,Helaine,Buckham,hbuckhamju@elegantthemes.com,Female,65.111.185.77
716,Vincents,Giacomuzzi,vgiacomuzzijv@virginia.edu,Male,101.214.15.85
717,Phoebe,Barkas,pbarkasjw@live.com,Female,225.74.250.25
718,Robb,Batson,rbatsonjx@fda.gov,Male,51.60.213.2
719,Fitz,Feldhorn,ffeldhornjy@ocn.ne.jp,Male,91.186.238.184
720,Sibilla,Frediani,sfredianijz@cdbaby.com,Female,49.38.167.211
721,Sigismund,Avis,savisk0@marriott.com,Male,51.142.159.161
722,Winifield,Highway,whighwayk1@soup.io,Male,63.92.128.202
723,Tedd,Oloshkin,toloshkink2@about.com,Male,112.132.234.235
724,Ashbey,Storey,astoreyk3@csmonitor.com,Male,89.152.45.126
725,Gerta,Ruff,gruffk4@paypal.com,Female,136.215.17.153
726,Georas,Mably,gmablyk5@t.co,Male,183.106.203.101
727,Sissie,Cotilard,scotilardk6@mail.ru,Female,245.17.221.208
728,Finlay,Quiddington,fquiddingtonk7@newyorker.com,Male,205.221.172.39
729,Roxane,Livingston,rlivingstonk8@tinyurl.com,Female,55.145.82.4
730,Torrie,Kivits,tkivitsk9@etsy.com,Female,189.190.230.195
731,Ladonna,Raynes,lrayneska@mozilla.com,Female,186.211.149.45
732,Glenine,Thyer,gthyerkb@npr.org,Female,186.138.30.42
733,Theadora,Clendennen,tclendennenkc@angelfire.com,Female,75.201.149.74
734,Jamesy,Shailer,jshailerkd@elegantthemes.com,Male,203.153.111.118
735,Ericka,Wyke,ewykeke@amazon.de,Female,151.247.192.90
736,Horacio,McGuckin,hmcguckinkf@cam.ac.uk,Male,113.96.64.117
737,Boigie,Deesly,bdeeslykg@a8.net,Male,14.72.227.100
738,Aluin,Dahler,adahlerkh@mtv.com,Male,107.252.53.109
739,Nixie,Fellon,nfellonki@360.cn,Female,141.30.87.227
740,Salome,Summerside,ssummersidekj@deviantart.com,Female,235.249.13.84
741,Mathian,Bentje,mbentjekk@cdbaby.com,Male,45.108.181.105
742,Antonino,Spores,asporeskl@dion.ne.jp,Male,254.51.89.77
743,Darrell,Heisham,dheishamkm@geocities.com,Male,23.110.110.142
744,Nick,Bispham,nbisphamkn@noaa.gov,Male,9.44.67.147
745,Holly,McGahy,hmcgahyko@google.de,Female,48.40.162.13
746,Willem,Sutterby,wsutterbykp@ucoz.ru,Male,77.112.158.76
747,Del,Gunthorp,dgunthorpkq@ihg.com,Female,27.84.161.91
748,Fraser,Dani,fdanikr@topsy.com,Male,226.23.99.154
749,Sandy,Jorn,sjornks@blinklist.com,Male,133.156.102.152
750,Cosme,Pipkin,cpipkinkt@ted.com,Male,220.162.50.141
751,Jessalin,Alessandone,jalessandoneku@webeden.co.uk,Female,118.6.115.152
752,Northrup,Keough,nkeoughkv@networkadvertising.org,Male,194.202.252.48
753,Dennison,Rennison,drennisonkw@apache.org,Male,112.103.192.78
754,Raymund,Riha,rrihakx@youtu.be,Male,147.1.57.134
755,Vitoria,Le Teve,vleteveky@booking.com,Female,26.201.77.45
756,Jervis,Shrigley,jshrigleykz@sogou.com,Male,58.179.81.149
757,Hettie,Gain,hgainl0@google.de,Female,51.228.188.51
758,Eddie,Mendonca,emendoncal1@mediafire.com,Male,112.14.45.113
759,Lucina,Rubinchik,lrubinchikl2@mac.com,Female,56.139.18.195
760,Jackelyn,Jurick,jjurickl3@behance.net,Female,29.6.215.54
761,Daphene,Dumbellow,ddumbellowl4@printfriendly.com,Female,204.84.92.54
762,Goldy,Zuker,gzukerl5@a8.net,Female,79.172.225.43
763,Barny,Foulgham,bfoulghaml6@sfgate.com,Male,248.178.226.43
764,Meyer,Cato,mcatol7@ted.com,Male,131.178.1.211
765,Davie,Fairlem,dfairleml8@prnewswire.com,Male,38.105.171.42
766,Brigida,Martinyuk,bmartinyukl9@arstechnica.com,Female,56.122.61.244
767,Dyna,Sandaver,dsandaverla@cafepress.com,Female,245.237.150.176
768,Aloin,Bowlesworth,abowlesworthlb@nifty.com,Male,186.250.82.23
769,Lanie,Weddup,lwedduplc@twitter.com,Female,52.181.79.146
770,Ewan,Pellingar,epellingarld@cnbc.com,Male,157.92.151.209
771,Haily,Guiness,hguinessle@biglobe.ne.jp,Female,67.95.204.47
772,Ethyl,Copperwaite,ecopperwaitelf@geocities.jp,Female,213.254.112.162
773,Selina,Maddin,smaddinlg@mediafire.com,Female,11.84.128.71
774,Galven,Leatherborrow,gleatherborrowlh@xrea.com,Male,42.236.56.203
775,Nerissa,Braksper,nbraksperli@cdc.gov,Female,20.133.60.76
776,Benita,Gerrey,bgerreylj@amazon.com,Female,161.147.215.45
777,Des,Hlavecek,dhlaveceklk@networksolutions.com,Male,91.119.91.250
778,Spike,Spere,ssperell@walmart.com,Male,153.189.39.20
779,Marchelle,Caldicott,mcaldicottlm@mail.ru,Female,184.103.130.16
780,Abbey,Jery,ajeryln@addtoany.com,Female,62.74.251.67
781,Kristyn,Gaitley,kgaitleylo@webmd.com,Female,254.129.149.52
782,Ania,Maulin,amaulinlp@dedecms.com,Female,220.210.214.114
783,Bennie,Harbach,bharbachlq@forbes.com,Male,215.199.185.201
784,Haywood,Goman,hgomanlr@flavors.me,Male,69.165.78.175
785,Abby,Bockler,abocklerls@ucoz.com,Male,138.116.71.2
786,Ellen,Vawton,evawtonlt@prnewswire.com,Female,89.50.251.180
787,Kippie,Napier,knapierlu@narod.ru,Male,96.6.242.45
788,Avril,Jakeman,ajakemanlv@studiopress.com,Female,81.129.90.255
789,Rochelle,Gilluley,rgilluleylw@reddit.com,Female,247.121.108.192
790,Elsbeth,Merwe,emerwelx@ihg.com,Female,130.214.177.148
791,Hannie,Domini,hdominily@symantec.com,Female,211.164.230.215
792,Adda,Ewing,aewinglz@cam.ac.uk,Female,48.20.235.129
793,Morten,Kaming,mkamingm0@abc.net.au,Male,126.4.115.211
794,Jandy,Gentner,jgentnerm1@aol.com,Female,210.150.246.249
795,Alair,Chitter,achitterm2@google.es,Male,237.203.129.67
796,Evan,Adamiak,eadamiakm3@acquirethisname.com,Male,255.216.73.11
797,Gallagher,Thackeray,gthackeraym4@ftc.gov,Male,124.181.96.21
798,Richardo,Mullan,rmullanm5@arstechnica.com,Male,247.39.169.241
799,Rois,Capitano,rcapitanom6@weebly.com,Female,97.223.154.94
800,Hastings,Buntin,hbuntinm7@pbs.org,Male,196.107.247.228
801,Dinah,Kingswood,dkingswoodm8@barnesandnoble.com,Female,250.170.232.151
802,Aprilette,Heasley,aheasleym9@1688.com,Female,234.171.23.3
803,Cami,Hazeldene,chazeldenema@opensource.org,Female,46.95.147.93
804,Selina,Bryett,sbryettmb@blinklist.com,Female,246.251.224.53
805,Harmonie,Piotr,hpiotrmc@etsy.com,Female,240.191.137.122
806,Freeman,Sotheron,fsotheronmd@lulu.com,Male,164.177.10.99
807,Rriocard,Bollin,rbollinme@msn.com,Male,108.71.66.254
808,Prentiss,Musprat,pmuspratmf@blog.com,Male,197.149.175.26
809,Nahum,Keave,nkeavemg@parallels.com,Male,7.253.85.75
810,Rana,Mort,rmortmh@shareasale.com,Female,138.46.212.84
811,Sky,Kennea,skenneami@facebook.com,Male,227.92.200.98
812,Bordy,Gaucher,bgauchermj@hhs.gov,Male,81.101.139.202
813,Tamarah,Glastonbury,tglastonburymk@aboutads.info,Female,37.69.127.81
814,Ninetta,Mallan,nmallanml@disqus.com,Female,87.200.155.199
815,Jobina,MacCostye,jmaccostyemm@barnesandnoble.com,Female,71.86.247.2
816,Edyth,De Carolis,edecarolismn@fema.gov,Female,142.205.148.156
817,Suzy,Doorly,sdoorlymo@123-reg.co.uk,Female,165.50.142.47
818,Markos,Bernakiewicz,mbernakiewiczmp@usatoday.com,Male,64.199.199.75
819,Germain,McGlue,gmcgluemq@livejournal.com,Female,186.181.5.74
820,Brook,Cocks,bcocksmr@rambler.ru,Male,196.58.238.79
821,Gregory,Rosie,grosiems@xinhuanet.com,Male,91.153.241.47
822,Shanan,Adolfsen,sadolfsenmt@china.com.cn,Male,134.26.162.81
823,Abagail,Crannach,acrannachmu@comsenz.com,Female,87.189.82.15
824,Andriana,Pawlyn,apawlynmv@multiply.com,Female,202.51.165.132
825,Byron,Ryrie,bryriemw@twitpic.com,Male,196.108.57.196
826,Tailor,Quodling,tquodlingmx@nhs.uk,Male,225.87.191.203
827,Ketty,Barnbrook,kbarnbrookmy@nba.com,Female,26.237.24.41
828,Brodie,Serraillier,bserrailliermz@bloomberg.com,Male,98.193.13.46
829,Liv,Ogles,loglesn0@army.mil,Female,201.134.24.177
830,Samuele,Plowell,splowelln1@godaddy.com,Male,10.251.144.192
831,Shep,Leys,sleysn2@google.de,Male,51.207.196.7
832,Gracie,Kenn,gkennn3@mac.com,Female,145.172.63.146
833,Britt,Handling,bhandlingn4@whitehouse.gov,Male,49.185.173.216
834,Holli,Ketchell,hketchelln5@oaic.gov.au,Female,144.51.119.125
835,Alidia,Becaris,abecarisn6@bluehost.com,Female,110.238.172.2
836,Vassily,Erskin,verskinn7@altervista.org,Male,141.112.215.181
837,Ahmed,Laval,alavaln8@goo.ne.jp,Male,136.90.68.153
838,Vicky,Oxenham,voxenhamn9@nytimes.com,Female,3.189.109.50
839,Kesley,Petrovsky,kpetrovskyna@rakuten.co.jp,Female,43.121.143.221
840,Alexander,Guittet,aguittetnb@state.tx.us,Male,96.156.177.249
841,Scott,Symon,ssymonnc@cmu.edu,Male,11.29.199.164
842,Gayel,Pringuer,gpringuernd@home.pl,Female,79.141.16.139
843,Brander,Bulfield,bbulfieldne@tripadvisor.com,Male,119.230.102.31
844,Marget,Eaglesham,meagleshamnf@businesswire.com,Female,177.83.208.91
845,Haven,Torritti,htorritting@auda.org.au,Male,142.194.20.163
846,Delilah,Kliemke,dkliemkenh@macromedia.com,Female,51.18.225.17
847,Flint,Dockerty,fdockertyni@irs.gov,Male,173.30.15.205
848,Lev,Oblein,lobleinnj@altervista.org,Male,179.114.86.131
849,Lisabeth,Esseby,lessebynk@paypal.com,Female,238.109.224.112
850,Lois,Rubinfeld,lrubinfeldnl@ocn.ne.jp,Female,73.75.45.214
851,Danila,Westcott,dwestcottnm@yahoo.co.jp,Female,185.17.57.34
852,Wye,Yeell,wyeellnn@walmart.com,Male,85.158.143.243
853,Rockie,Younie,ryounieno@paginegialle.it,Male,187.59.8.197
854,Sandy,Freestone,sfreestonenp@go.com,Male,97.38.107.189
855,Batholomew,Tevelov,btevelovnq@opera.com,Male,162.133.144.81
856,Finlay,Billingsley,fbillingsleynr@umn.edu,Male,124.247.150.242
857,Rahal,Welford,rwelfordns@google.nl,Female,43.219.120.67
858,Far,Buxcey,fbuxceynt@exblog.jp,Male,27.175.177.111
859,Murielle,Shand,mshandnu@goo.ne.jp,Female,145.62.185.232
860,Laryssa,Winslow,lwinslownv@wordpress.com,Female,179.198.127.141
861,Devonne,Plaskett,dplaskettnw@plala.or.jp,Female,90.172.24.175
862,Luella,Sambrook,lsambrooknx@google.co.jp,Female,32.58.183.88
863,Jedediah,Coyte,jcoyteny@netlog.com,Male,94.116.140.207
864,Fidole,Damrell,fdamrellnz@geocities.com,Male,71.210.100.3
865,Tracey,Guirau,tguirauo0@mysql.com,Male,64.74.209.206
866,Marji,Brunsden,mbrunsdeno1@dailymotion.com,Female,216.13.154.94
867,Hieronymus,Pettegree,hpettegreeo2@last.fm,Male,5.86.250.66
868,Giustino,Harner,gharnero3@woothemes.com,Male,153.193.158.47
869,Myranda,Harkins,mharkinso4@nytimes.com,Female,122.162.248.5
870,Arvy,Gilchrist,agilchristo5@chicagotribune.com,Male,23.194.120.106
871,Sherline,Gibbetts,sgibbettso6@free.fr,Female,109.48.246.81
872,Barbabas,Yakovliv,byakovlivo7@altervista.org,Male,194.224.232.10
873,Kile,MacAskill,kmacaskillo8@icio.us,Male,156.103.61.82
874,Cris,Pershouse,cpershouseo9@qq.com,Female,23.88.247.97
875,Zonnya,Aubery,zauberyoa@vk.com,Female,9.224.5.53
876,Doreen,Sharpling,dsharplingob@fda.gov,Female,32.154.248.200
877,Florentia,Pascall,fpascalloc@gov.uk,Female,91.111.96.143
878,Emmalynn,Piercy,epiercyod@hhs.gov,Female,116.165.57.174
879,Dorene,Clewley,dclewleyoe@technorati.com,Female,141.152.255.121
880,Hephzibah,Jankiewicz,hjankiewiczof@unblog.fr,Female,130.160.80.239
881,Clayson,Clampton,cclamptonog@usa.gov,Male,119.45.58.92
882,Jakie,Cornhill,jcornhilloh@flavors.me,Male,217.23.169.177
883,Sydel,Wands,swandsoi@last.fm,Female,1.173.159.56
884,Rodrick,Dalglish,rdalglishoj@newyorker.com,Male,220.205.21.146
885,Ardra,Mewton,amewtonok@360.cn,Female,37.54.163.108
886,Donaugh,Yusupov,dyusupovol@arizona.edu,Male,124.244.190.71
887,Hirsch,Noddle,hnoddleom@cdc.gov,Male,167.98.231.239
888,Yuri,Guillard,yguillardon@simplemachines.org,Male,12.28.191.218
889,Fanchon,MacDonnell,fmacdonnelloo@gnu.org,Female,95.22.132.193
890,Wanda,Vinden,wvindenop@instagram.com,Female,81.173.94.105
891,Gwenora,Stearn,gstearnoq@google.com.br,Female,17.158.60.227
892,Ilario,Bool,iboolor@cdbaby.com,Male,125.160.215.204
893,Bram,Bailes,bbailesos@harvard.edu,Male,15.21.83.91
894,Judd,Burdett,jburdettot@seattletimes.com,Male,147.94.133.74
895,Pepita,Yakebovitch,pyakebovitchou@businessweek.com,Female,3.18.116.166
896,Loree,Sommerfeld,lsommerfeldov@npr.org,Female,169.176.243.119
897,Madalyn,Aers,maersow@creativecommons.org,Female,153.148.127.179
898,Cori,Gravenell,cgravenellox@4shared.com,Female,167.68.132.77
899,Raymund,Vannet,rvannetoy@simplemachines.org,Male,206.49.75.122
900,Rurik,Setchell,rsetchelloz@is.gd,Male,21.213.8.139
901,Janith,Leeson,jleesonp0@ameblo.jp,Female,153.242.203.59
902,Rolfe,Fowle,rfowlep1@thetimes.co.uk,Male,94.41.16.242
903,Nancey,Boulden,nbouldenp2@yandex.ru,Female,72.211.148.238
904,Rayshell,Sarfass,rsarfassp3@intel.com,Female,27.6.112.134
905,Claudia,Nairns,cnairnsp4@fema.gov,Female,29.231.32.154
906,Betsey,Horlock,bhorlockp5@digg.com,Female,138.22.128.147
907,Markus,Volkes,mvolkesp6@google.it,Male,119.252.71.25
908,Dene,Tydd,dtyddp7@boston.com,Male,193.165.222.228
909,Sisely,Pietersen,spietersenp8@amazon.de,Female,23.144.124.230
910,Chryste,Boutton,cbouttonp9@npr.org,Female,199.117.11.104
911,Katusha,MacNeice,kmacneicepa@privacy.gov.au,Female,59.179.66.225
912,Giorgia,Seear,gseearpb@sciencedirect.com,Female,96.160.27.233
913,Ephrayim,Eginton,eegintonpc@barnesandnoble.com,Male,89.22.205.198
914,Darlleen,Gerald,dgeraldpd@sun.com,Female,23.252.156.59
915,Elbert,Fuente,efuentepe@google.pl,Male,253.84.2.87
916,Dun,Meah,dmeahpf@wikispaces.com,Male,213.5.44.105
917,Tucky,Sindell,tsindellpg@icq.com,Male,18.237.192.148
918,Robers,Oneile,roneileph@whitehouse.gov,Male,90.212.202.103
919,Gale,Linfitt,glinfittpi@mtv.com,Female,19.195.250.240
920,Giffard,Juschke,gjuschkepj@oakley.com,Male,103.170.228.179
921,Claiborne,Jacmard,cjacmardpk@netlog.com,Male,62.209.221.164
922,Bobbie,Epinay,bepinaypl@yale.edu,Female,190.74.72.50
923,Hirsch,Fife,hfifepm@answers.com,Male,253.173.51.167
924,Cooper,Dougher,cdougherpn@homestead.com,Male,122.189.92.144
925,Constance,Poundesford,cpoundesfordpo@ucoz.ru,Female,160.109.71.2
926,Brunhilda,Joreau,bjoreaupp@digg.com,Female,188.89.128.51
927,Coletta,Sparway,csparwaypq@cbslocal.com,Female,122.4.233.232
928,Harper,Broszkiewicz,hbroszkiewiczpr@issuu.com,Male,52.145.249.25
929,Anna-diana,Speddin,aspeddinps@princeton.edu,Female,232.60.157.125
930,Chucho,Brown,cbrownpt@addthis.com,Male,228.238.79.168
931,Tessy,De la Zenne,tdelazennepu@vkontakte.ru,Female,39.52.129.22
932,Madalena,Fooks,mfookspv@canalblog.com,Female,207.196.144.79
933,Sauveur,Domanek,sdomanekpw@cargocollective.com,Male,39.92.189.242
934,Jim,Coulsen,jcoulsenpx@who.int,Male,228.122.163.187
935,Dasya,Croizier,dcroizierpy@histats.com,Female,28.255.179.209
936,Toni,Peart,tpeartpz@cnn.com,Female,17.235.63.93
937,Che,Ives,civesq0@elegantthemes.com,Male,112.232.214.79
938,Aundrea,Gwyther,agwytherq1@elegantthemes.com,Female,114.79.44.0
939,Silvana,Harrinson,sharrinsonq2@artisteer.com,Female,193.228.181.44
940,Midge,MacDaid,mmacdaidq3@nps.gov,Female,205.25.125.139
941,Burnard,Doumerque,bdoumerqueq4@t-online.de,Male,196.82.193.156
942,Lorens,Dunnion,ldunnionq5@princeton.edu,Male,183.153.220.189
943,Whittaker,Olkowicz,wolkowiczq6@wikispaces.com,Male,97.2.43.194
944,Nicol,Brenston,nbrenstonq7@unesco.org,Female,15.175.20.40
945,Sharla,Jepensen,sjepensenq8@sciencedirect.com,Female,162.155.197.61
946,Farly,Levett,flevettq9@cafepress.com,Male,200.59.119.168
947,Gordon,Clemas,gclemasqa@gov.uk,Male,164.102.153.12
948,Tabb,Ochterlonie,tochterlonieqb@lulu.com,Male,251.23.58.81
949,Tonia,Fiske,tfiskeqc@ask.com,Female,50.252.226.162
950,Nonie,Joyes,njoyesqd@ocn.ne.jp,Female,14.68.73.211
951,Aurelia,Lob,alobqe@constantcontact.com,Female,58.148.131.163
952,Gino,Feacham,gfeachamqf@yellowpages.com,Male,2.131.225.156
953,Willi,Cockell,wcockellqg@storify.com,Male,159.29.91.79
954,Amii,Killwick,akillwickqh@sun.com,Female,78.87.50.228
955,Chloris,Meagher,cmeagherqi@xinhuanet.com,Female,131.233.126.248
956,Marita,Saunderson,msaundersonqj@51.la,Female,27.68.136.106
957,Annaliese,Instrell,ainstrellqk@google.com.br,Female,2.100.175.245
958,Katie,Brace,kbraceql@friendfeed.com,Female,238.134.22.34
959,Ninon,Carlone,ncarloneqm@house.gov,Female,196.200.18.87
960,Tomkin,Sanney,tsanneyqn@nhs.uk,Male,66.172.38.133
961,Kathryne,Pauly,kpaulyqo@weather.com,Female,215.151.224.126
962,Roderic,Boustred,rboustredqp@artisteer.com,Male,175.184.234.119
963,Patrica,Lammert,plammertqq@homestead.com,Female,233.154.42.194
964,Michaela,Coolson,mcoolsonqr@si.edu,Female,32.189.107.250
965,Elberta,Spofforth,espofforthqs@fotki.com,Female,218.165.205.234
966,Ulla,Ormesher,uormesherqt@mail.ru,Female,77.75.68.126
967,Godfree,Woolfoot,gwoolfootqu@canalblog.com,Male,96.30.100.101
968,Silvie,Venour,svenourqv@jigsy.com,Female,203.64.60.244
969,Glenn,Gosz,ggoszqw@upenn.edu,Male,85.216.154.139
970,Lola,Klemenz,lklemenzqx@infoseek.co.jp,Female,186.236.84.40
971,Chicky,Whyard,cwhyardqy@samsung.com,Female,75.56.140.172
972,Ali,Lowdeane,alowdeaneqz@cornell.edu,Male,99.168.165.237
973,Gaelan,Fayer,gfayerr0@patch.com,Male,26.56.51.253
974,Brendis,Patley,bpatleyr1@php.net,Male,19.107.45.173
975,Kristoffer,Rampton,kramptonr2@google.ru,Male,146.23.196.27
976,Cobbie,Fortey,cforteyr3@cam.ac.uk,Male,212.13.224.202
977,Karole,Dankov,kdankovr4@blogspot.com,Female,67.198.72.144
978,Kippie,Yaldren,kyaldrenr5@imdb.com,Female,146.96.1.151
979,Beaufort,Belk,bbelkr6@gizmodo.com,Male,146.5.190.68
980,Madeline,Coventon,mcoventonr7@prweb.com,Female,3.8.80.253
981,Nikki,Goodhew,ngoodhewr8@indiatimes.com,Male,230.111.31.250
982,Krista,Beranek,kberanekr9@marriott.com,Female,41.60.91.21
983,Lindy,Sarll,lsarllra@hatena.ne.jp,Male,142.112.160.33
984,Lilly,Offa,loffarb@drupal.org,Female,168.118.162.193
985,Rosana,Goodbanne,rgoodbannerc@people.com.cn,Female,155.26.74.102
986,Alvie,Pirolini,apirolinird@europa.eu,Male,220.57.180.197
987,Robyn,Sarfas,rsarfasre@slate.com,Female,22.182.104.52
988,Alastair,Valek,avalekrf@rediff.com,Male,248.32.34.67
989,Leanor,Claasen,lclaasenrg@hatena.ne.jp,Female,119.214.88.22
990,Sebastien,Brannan,sbrannanrh@miibeian.gov.cn,Male,149.80.157.22
991,Darleen,Sidwell,dsidwellri@archive.org,Female,105.200.11.222
992,Larina,Mathwen,lmathwenrj@ucoz.ru,Female,253.95.24.122
993,Liesa,Surgenor,lsurgenorrk@diigo.com,Female,216.175.8.125
994,Barde,Dablin,bdablinrl@webmd.com,Male,230.116.183.36
995,Peggy,Ailsbury,pailsburyrm@weibo.com,Female,208.235.33.123
996,Barb,Garrud,bgarrudrn@redcross.org,Female,165.169.19.184
997,Patrizio,Moneypenny,pmoneypennyro@smh.com.au,Male,221.225.46.167
998,Hadrian,Hamil,hhamilrp@ucoz.ru,Male,56.27.20.112
999,Gary,Jovis,gjovisrq@ehow.com,Male,188.65.83.200
1000,Fanchette,Gilfether,fgilfetherrr@cafepress.com,Female,213.78.16.19
